Model,RMSE,MAE,R² Score
Random Forest (Tuned),0.15774529262702044,0.03405125014338984,0.7557757402964211
Random Forest,0.1677526425480005,0.03724500127765551,0.7238056907449879
Gradient Boosting,0.2013019284712316,0.03346084560303455,0.6022851046767423
XGBoost,0.20206851232803427,0.03383927373469176,0.5992502372470896
Linear Regression,0.32670082807011736,0.10387146460795811,-0.04755408855525323
Ridge,0.3267258153074715,0.10385640827594177,-0.047714335982868006
